[
  {
    "id": "511e299a-29ab-4d6b-98b6-298b6b093bb2",
    "data": [
      {
        "text": "Give me some Creepy Sounds",
        "userDefined": false
      }
    ],
    "isTemplate": false,
    "count": 0,
    "updated": 1540561621
  },
  {
    "id": "70e75820-d136-4f18-bdf3-8bc9b7b4d932",
    "data": [
      {
        "text": "Speak with Creepy Sounds",
        "userDefined": false
      }
    ],
    "isTemplate": false,
    "count": 0,
    "updated": 1540561621
  },
  {
    "id": "0ab645c7-5efa-44ac-9260-6fd972cc9167",
    "data": [
      {
        "text": "Ok Google. Talk to Creepy Sounds",
        "userDefined": false
      }
    ],
    "isTemplate": false,
    "count": 0,
    "updated": 1540561621
  },
  {
    "id": "5fd18d5b-d7ca-4f4c-a023-09a0d15b2ceb",
    "data": [
      {
        "text": "Talk to Creepy Sounds",
        "userDefined": false
      }
    ],
    "isTemplate": false,
    "count": 0,
    "updated": 1540561621
  },
  {
    "id": "8627cdb3-ab49-4c2e-8d07-c75521d74844",
    "data": [
      {
        "text": "Let me talk to Creepy Sounds",
        "userDefined": false
      }
    ],
    "isTemplate": false,
    "count": 0,
    "updated": 1540561621
  }
]